{
   "categories": ["판타지", "액션", "코미디", "일상"],
  "quizzes": [
    {
      "id": 1,
      "category": "판타지",
      "question": "용이 하늘을 가르는 판타지 세계! 모험가들이 보통 처음 만나는 몬스터는?",
      "choices": ["슬라임", "드래곤", "고블린", "거대 골렘"],
      "correct": 1
    },
    {
      "id": 2,
      "category": "판타지",
      "question": "마법사가 주문을 외울 때 가장 중요한 것은?",
      "choices": ["멋진 포즈", "마나", "목청", "자신감"],
      "correct": 2
    },
    {
      "id": 3,
      "category": "판타지",
      "question": "엘프 캐릭터의 대표적인 특징은?",
      "choices": ["짧은 다리", "어둠의 마력", "긴 귀", "돌격 정신"],
      "correct": 3
    },
    {
      "id": 4,
      "category": "판타지",
      "question": "던전 탐험 중 가장 자주 발견되는 보물은?",
      "choices": ["황금 상자", "HP 포션", "전설급 무기", "비밀 편지"],
      "correct": 2
    },
    {
      "id": 5,
      "category": "판타지",
      "question": "왕국이 위기에 빠졌을 때 가장 먼저 소환되는 존재는?",
      "choices": ["용사", "요리사", "상인", "사냥꾼"],
      "correct": 1
    },

    {
      "id": 6,
      "category": "액션",
      "question": "액션 애니에서 주인공이 필살기를 쓰기 직전에 하는 행동은?",
      "choices": ["머리를 긁적거린다", "기합을 넣는다", "간식을 먹는다", "잠깐 낮잠을 잔다"],
      "correct": 2
    },
    {
      "id": 7,
      "category": "액션",
      "question": "라이벌 캐릭터의 대표적인 성격은?",
      "choices": ["항상 웃는다", "강하지만 츤데레", "잠만 잔다", "요리를 좋아한다"],
      "correct": 2
    },
    {
      "id": 8,
      "category": "액션",
      "question": "주인공이 파워업할 때 흔히 일어나는 현상은?",
      "choices": ["머리가 반짝인다", "주변이 폭발한다", "기억이 사라진다", "키가 줄어든다"],
      "correct": 1
    },
    {
      "id": 9,
      "category": "액션",
      "question": "최종 보스에게 자주 있는 특징은?",
      "choices": ["말이 너무 많다", "약점이 너무 뻔하다", "초반에 등장한다", "매우 약하다"],
      "correct": 1
    },
    {
      "id": 10,
      "category": "액션",
      "question": "팀전에서 가장 든든한 역할은?",
      "choices": ["도망가는 담당", "응원만 하는 멤버", "탱커", "간식 담당"],
      "correct": 3
    },

    {
      "id": 11,
      "category": "코미디",
      "question": "코미디 애니에서 가장 자주 등장하는 소리는?",
      "choices": ["풍악을 울려라!", "탕!", "삐빅", "쨍그랑!"],
      "correct": 4
    },
    {
      "id": 12,
      "category": "코미디",
      "question": "갑작스러운 상황에서 캐릭터가 흔히 하는 반응은?",
      "choices": ["정색한다", "눈이 커진다", "점프한다", "길게 한숨 쉰다"],
      "correct": 2
    },
    {
      "id": 13,
      "category": "코미디",
      "question": "코미디 캐릭터의 대표적인 약점은?",
      "choices": ["진지함", "달리기", "당황스러움", "과식"],
      "correct": 1
    },
    {
      "id": 14,
      "category": "코미디",
      "question": "코믹한 연출에서 자주 나오는 효과는?",
      "choices": ["번쩍이는 눈", "땀방울", "오라 발산", "화려한 작별"],
      "correct": 2
    },
    {
      "id": 15,
      "category": "코미디",
      "question": "코미디 애니의 주인공이 자주 겪는 일은?",
      "choices": ["과도한 오해", "세계 구하기", "강해지기 훈련", "차원 이동"],
      "correct": 1
    },

    {
      "id": 16,
      "category": "일상",
      "question": "일상 애니에서 가장 흔히 등장하는 장소는?",
      "choices": ["우주선 내부", "고등학교 교실", "화산 속", "왕궁"],
      "correct": 2
    },
    {
      "id": 17,
      "category": "일상",
      "question": "일상물의 가장 큰 매력은?",
      "choices": ["전투 장면", "잔잔한 힐링", "폭발씬", "초능력 배틀"],
      "correct": 2
    },
    {
      "id": 18,
      "category": "일상",
      "question": "주인공들이 자주 먹는 음식은?",
      "choices": ["미역국", "라멘", "용의 고기", "거대 케이크"],
      "correct": 2
    },
    {
      "id": 19,
      "category": "일상",
      "question": "일상 애니의 정석 패턴은?",
      "choices": ["사건 발생 → 대난리 → 세계 멸망", "학교 → 집 → 카페 루틴", "초능력 각성", "외계인 등장"],
      "correct": 2
    },
    {
      "id": 20,
      "category": "일상",
      "question": "일상 애니에서 보통 가장 중요한 요소는?",
      "choices": ["잔잔한 분위기", "강력한 악당", "차원문", "지구 방위대"],
      "correct": 1
    }
  ]
}